--------------------------------------------------------
--  파일이 생성됨 - 화요일-11월-17-2020   
--------------------------------------------------------
--------------------------------------------------------
--  DDL for Sequence CODE_DEPARTMENT_SEQ
--------------------------------------------------------

   CREATE SEQUENCE  "TESTID"."CODE_DEPARTMENT_SEQ"  MINVALUE 1 MAXVALUE 9999999999999999999999999999 INCREMENT BY 1 START WITH 21 CACHE 20 NOORDER  NOCYCLE ;
--------------------------------------------------------
--  DDL for Sequence CODE_SCHOOL_SEQ
--------------------------------------------------------

   CREATE SEQUENCE  "TESTID"."CODE_SCHOOL_SEQ"  MINVALUE 1 MAXVALUE 9999999999999999999999999999 INCREMENT BY 1 START WITH 21 CACHE 20 NOORDER  NOCYCLE ;
--------------------------------------------------------
--  DDL for Sequence CODE_SKILL_SEQ
--------------------------------------------------------

   CREATE SEQUENCE  "TESTID"."CODE_SKILL_SEQ"  MINVALUE 1 MAXVALUE 9999999999999999999999999999 INCREMENT BY 1 START WITH 21 CACHE 20 NOORDER  NOCYCLE ;
--------------------------------------------------------
--  DDL for Sequence STAFF_SEQ
--------------------------------------------------------

   CREATE SEQUENCE  "TESTID"."STAFF_SEQ"  MINVALUE 1 MAXVALUE 9999999999999999999999999999 INCREMENT BY 1 START WITH 101 CACHE 20 NOORDER  NOCYCLE ;
--------------------------------------------------------
--  DDL for Sequence STAFF_SKILL_SEQ
--------------------------------------------------------

   CREATE SEQUENCE  "TESTID"."STAFF_SKILL_SEQ"  MINVALUE 1 MAXVALUE 9999999999999999999999999999 INCREMENT BY 1 START WITH 281 CACHE 20 NOORDER  NOCYCLE ;
--------------------------------------------------------
--  DDL for Table CODE_DEPARTMENT
--------------------------------------------------------

  CREATE TABLE "TESTID"."CODE_DEPARTMENT" 
   (	"DEPARTMENT_CODE" NUMBER(3,0), 
	"DEPARTMENT_NAME" VARCHAR2(30 BYTE)
   ) SEGMENT CREATION IMMEDIATE 
  PCTFREE 10 PCTUSED 40 INITRANS 1 MAXTRANS 255 NOCOMPRESS LOGGING
  STORAGE(INITIAL 65536 NEXT 1048576 MINEXTENTS 1 MAXEXTENTS 2147483645
  PCTINCREASE 0 FREELISTS 1 FREELIST GROUPS 1 BUFFER_POOL DEFAULT FLASH_CACHE DEFAULT CELL_FLASH_CACHE DEFAULT)
  TABLESPACE "USERS" ;
--------------------------------------------------------
--  DDL for Table CODE_SCHOOL
--------------------------------------------------------

  CREATE TABLE "TESTID"."CODE_SCHOOL" 
   (	"SCHOOL_CODE" NUMBER(3,0), 
	"SCHOOL_NAME" VARCHAR2(20 BYTE)
   ) SEGMENT CREATION IMMEDIATE 
  PCTFREE 10 PCTUSED 40 INITRANS 1 MAXTRANS 255 NOCOMPRESS LOGGING
  STORAGE(INITIAL 65536 NEXT 1048576 MINEXTENTS 1 MAXEXTENTS 2147483645
  PCTINCREASE 0 FREELISTS 1 FREELIST GROUPS 1 BUFFER_POOL DEFAULT FLASH_CACHE DEFAULT CELL_FLASH_CACHE DEFAULT)
  TABLESPACE "USERS" ;
--------------------------------------------------------
--  DDL for Table CODE_SKILL
--------------------------------------------------------

  CREATE TABLE "TESTID"."CODE_SKILL" 
   (	"SKILL_CODE" NUMBER(3,0), 
	"SKILL_NAME" VARCHAR2(20 BYTE)
   ) SEGMENT CREATION IMMEDIATE 
  PCTFREE 10 PCTUSED 40 INITRANS 1 MAXTRANS 255 NOCOMPRESS LOGGING
  STORAGE(INITIAL 65536 NEXT 1048576 MINEXTENTS 1 MAXEXTENTS 2147483645
  PCTINCREASE 0 FREELISTS 1 FREELIST GROUPS 1 BUFFER_POOL DEFAULT FLASH_CACHE DEFAULT CELL_FLASH_CACHE DEFAULT)
  TABLESPACE "USERS" ;
--------------------------------------------------------
--  DDL for Table STAFF
--------------------------------------------------------

  CREATE TABLE "TESTID"."STAFF" 
   (	"STAFF_NO" NUMBER(3,0), 
	"STAFF_NAME" VARCHAR2(20 BYTE), 
	"JUMIN_NO" CHAR(14 BYTE), 
	"SCHOOL_CODE" NUMBER(3,0), 
	"DEPARTMENT_CODE" NUMBER(3,0), 
	"GRADUATE_DAY" DATE
   ) SEGMENT CREATION IMMEDIATE 
  PCTFREE 10 PCTUSED 40 INITRANS 1 MAXTRANS 255 NOCOMPRESS LOGGING
  STORAGE(INITIAL 65536 NEXT 1048576 MINEXTENTS 1 MAXEXTENTS 2147483645
  PCTINCREASE 0 FREELISTS 1 FREELIST GROUPS 1 BUFFER_POOL DEFAULT FLASH_CACHE DEFAULT CELL_FLASH_CACHE DEFAULT)
  TABLESPACE "USERS" ;
--------------------------------------------------------
--  DDL for Table STAFF_SKILL
--------------------------------------------------------

  CREATE TABLE "TESTID"."STAFF_SKILL" 
   (	"STAFF_SKILL_NO" NUMBER(3,0), 
	"STAFF_NO" NUMBER(3,0), 
	"SKILL_CODE" NUMBER(3,0)
   ) SEGMENT CREATION IMMEDIATE 
  PCTFREE 10 PCTUSED 40 INITRANS 1 MAXTRANS 255 NOCOMPRESS LOGGING
  STORAGE(INITIAL 65536 NEXT 1048576 MINEXTENTS 1 MAXEXTENTS 2147483645
  PCTINCREASE 0 FREELISTS 1 FREELIST GROUPS 1 BUFFER_POOL DEFAULT FLASH_CACHE DEFAULT CELL_FLASH_CACHE DEFAULT)
  TABLESPACE "USERS" ;
REM INSERTING into TESTID.CODE_DEPARTMENT
SET DEFINE OFF;
Insert into TESTID.CODE_DEPARTMENT (DEPARTMENT_CODE,DEPARTMENT_NAME) values (2,'경영지원팀');
Insert into TESTID.CODE_DEPARTMENT (DEPARTMENT_CODE,DEPARTMENT_NAME) values (3,'기업부설연구소');
Insert into TESTID.CODE_DEPARTMENT (DEPARTMENT_CODE,DEPARTMENT_NAME) values (4,'반도체사업부');
Insert into TESTID.CODE_DEPARTMENT (DEPARTMENT_CODE,DEPARTMENT_NAME) values (5,'전략기획팀');
Insert into TESTID.CODE_DEPARTMENT (DEPARTMENT_CODE,DEPARTMENT_NAME) values (6,'컨설팅사업부');
Insert into TESTID.CODE_DEPARTMENT (DEPARTMENT_CODE,DEPARTMENT_NAME) values (7,'하이테크사업부');
Insert into TESTID.CODE_DEPARTMENT (DEPARTMENT_CODE,DEPARTMENT_NAME) values (8,'SI사업부');
REM INSERTING into TESTID.CODE_SCHOOL
SET DEFINE OFF;
Insert into TESTID.CODE_SCHOOL (SCHOOL_CODE,SCHOOL_NAME) values (2,'고졸');
Insert into TESTID.CODE_SCHOOL (SCHOOL_CODE,SCHOOL_NAME) values (4,'인반대졸');
Insert into TESTID.CODE_SCHOOL (SCHOOL_CODE,SCHOOL_NAME) values (3,'전문대졸');
REM INSERTING into TESTID.CODE_SKILL
SET DEFINE OFF;
Insert into TESTID.CODE_SKILL (SKILL_CODE,SKILL_NAME) values (4,'ASP');
Insert into TESTID.CODE_SKILL (SKILL_CODE,SKILL_NAME) values (6,'Delphi');
Insert into TESTID.CODE_SKILL (SKILL_CODE,SKILL_NAME) values (3,'JSP');
Insert into TESTID.CODE_SKILL (SKILL_CODE,SKILL_NAME) values (2,'Java');
Insert into TESTID.CODE_SKILL (SKILL_CODE,SKILL_NAME) values (5,'PHP');
REM INSERTING into TESTID.STAFF
SET DEFINE OFF;
Insert into TESTID.STAFF (STAFF_NO,STAFF_NAME,JUMIN_NO,SCHOOL_CODE,DEPARTMENT_CODE,GRADUATE_DAY) values (83,'정다훈','910429-1860358',2,4,to_date('19/01/01','RR/MM/DD'));
Insert into TESTID.STAFF (STAFF_NO,STAFF_NAME,JUMIN_NO,SCHOOL_CODE,DEPARTMENT_CODE,GRADUATE_DAY) values (46,'강감찬','890721-1860429',2,2,to_date('17/03/01','RR/MM/DD'));
Insert into TESTID.STAFF (STAFF_NO,STAFF_NAME,JUMIN_NO,SCHOOL_CODE,DEPARTMENT_CODE,GRADUATE_DAY) values (47,'김순덕','990721-1860429',2,4,to_date('15/03/01','RR/MM/DD'));
Insert into TESTID.STAFF (STAFF_NO,STAFF_NAME,JUMIN_NO,SCHOOL_CODE,DEPARTMENT_CODE,GRADUATE_DAY) values (48,'이순신','810721-1860429',2,8,to_date('14/03/01','RR/MM/DD'));
Insert into TESTID.STAFF (STAFF_NO,STAFF_NAME,JUMIN_NO,SCHOOL_CODE,DEPARTMENT_CODE,GRADUATE_DAY) values (49,'조자룡','810721-1860428',2,6,to_date('14/03/01','RR/MM/DD'));
Insert into TESTID.STAFF (STAFF_NO,STAFF_NAME,JUMIN_NO,SCHOOL_CODE,DEPARTMENT_CODE,GRADUATE_DAY) values (50,'강감찬','810721-1860427',2,5,to_date('14/03/01','RR/MM/DD'));
Insert into TESTID.STAFF (STAFF_NO,STAFF_NAME,JUMIN_NO,SCHOOL_CODE,DEPARTMENT_CODE,GRADUATE_DAY) values (51,'이순신','810721-1860426',3,4,to_date('14/03/01','RR/MM/DD'));
Insert into TESTID.STAFF (STAFF_NO,STAFF_NAME,JUMIN_NO,SCHOOL_CODE,DEPARTMENT_CODE,GRADUATE_DAY) values (52,'유관순','810721-3860424',2,4,to_date('14/03/01','RR/MM/DD'));
Insert into TESTID.STAFF (STAFF_NO,STAFF_NAME,JUMIN_NO,SCHOOL_CODE,DEPARTMENT_CODE,GRADUATE_DAY) values (53,'정중부','810721-3860422',2,3,to_date('14/03/01','RR/MM/DD'));
Insert into TESTID.STAFF (STAFF_NO,STAFF_NAME,JUMIN_NO,SCHOOL_CODE,DEPARTMENT_CODE,GRADUATE_DAY) values (54,'최무선','810721-3860421',2,7,to_date('14/03/01','RR/MM/DD'));
Insert into TESTID.STAFF (STAFF_NO,STAFF_NAME,JUMIN_NO,SCHOOL_CODE,DEPARTMENT_CODE,GRADUATE_DAY) values (57,'문익점','810721-2668612',2,6,to_date('14/03/01','RR/MM/DD'));
Insert into TESTID.STAFF (STAFF_NO,STAFF_NAME,JUMIN_NO,SCHOOL_CODE,DEPARTMENT_CODE,GRADUATE_DAY) values (58,'정약용','810721-2668633',2,2,to_date('14/03/01','RR/MM/DD'));
Insert into TESTID.STAFF (STAFF_NO,STAFF_NAME,JUMIN_NO,SCHOOL_CODE,DEPARTMENT_CODE,GRADUATE_DAY) values (59,'김옥균','710721-2668644',2,7,to_date('18/06/01','RR/MM/DD'));
Insert into TESTID.STAFF (STAFF_NO,STAFF_NAME,JUMIN_NO,SCHOOL_CODE,DEPARTMENT_CODE,GRADUATE_DAY) values (60,'유관순','710721-2668634',2,8,to_date('19/08/01','RR/MM/DD'));
Insert into TESTID.STAFF (STAFF_NO,STAFF_NAME,JUMIN_NO,SCHOOL_CODE,DEPARTMENT_CODE,GRADUATE_DAY) values (43,'저팔계','886325-1860429',4,2,to_date('18/03/04','RR/MM/DD'));
Insert into TESTID.STAFF (STAFF_NO,STAFF_NAME,JUMIN_NO,SCHOOL_CODE,DEPARTMENT_CODE,GRADUATE_DAY) values (44,'스프링','987452-1860429',4,3,to_date('16/03/02','RR/MM/DD'));
REM INSERTING into TESTID.STAFF_SKILL
SET DEFINE OFF;
Insert into TESTID.STAFF_SKILL (STAFF_SKILL_NO,STAFF_NO,SKILL_CODE) values (272,83,2);
Insert into TESTID.STAFF_SKILL (STAFF_SKILL_NO,STAFF_NO,SKILL_CODE) values (273,83,5);
Insert into TESTID.STAFF_SKILL (STAFF_SKILL_NO,STAFF_NO,SKILL_CODE) values (221,60,2);
Insert into TESTID.STAFF_SKILL (STAFF_SKILL_NO,STAFF_NO,SKILL_CODE) values (226,46,2);
Insert into TESTID.STAFF_SKILL (STAFF_SKILL_NO,STAFF_NO,SKILL_CODE) values (227,46,5);
Insert into TESTID.STAFF_SKILL (STAFF_SKILL_NO,STAFF_NO,SKILL_CODE) values (228,46,6);
Insert into TESTID.STAFF_SKILL (STAFF_SKILL_NO,STAFF_NO,SKILL_CODE) values (229,47,2);
Insert into TESTID.STAFF_SKILL (STAFF_SKILL_NO,STAFF_NO,SKILL_CODE) values (230,47,6);
Insert into TESTID.STAFF_SKILL (STAFF_SKILL_NO,STAFF_NO,SKILL_CODE) values (222,60,3);
Insert into TESTID.STAFF_SKILL (STAFF_SKILL_NO,STAFF_NO,SKILL_CODE) values (223,60,4);
Insert into TESTID.STAFF_SKILL (STAFF_SKILL_NO,STAFF_NO,SKILL_CODE) values (224,60,5);
Insert into TESTID.STAFF_SKILL (STAFF_SKILL_NO,STAFF_NO,SKILL_CODE) values (225,60,6);
Insert into TESTID.STAFF_SKILL (STAFF_SKILL_NO,STAFF_NO,SKILL_CODE) values (231,48,2);
Insert into TESTID.STAFF_SKILL (STAFF_SKILL_NO,STAFF_NO,SKILL_CODE) values (232,49,2);
Insert into TESTID.STAFF_SKILL (STAFF_SKILL_NO,STAFF_NO,SKILL_CODE) values (233,49,4);
Insert into TESTID.STAFF_SKILL (STAFF_SKILL_NO,STAFF_NO,SKILL_CODE) values (234,49,5);
Insert into TESTID.STAFF_SKILL (STAFF_SKILL_NO,STAFF_NO,SKILL_CODE) values (235,50,2);
Insert into TESTID.STAFF_SKILL (STAFF_SKILL_NO,STAFF_NO,SKILL_CODE) values (236,50,3);
Insert into TESTID.STAFF_SKILL (STAFF_SKILL_NO,STAFF_NO,SKILL_CODE) values (237,50,6);
Insert into TESTID.STAFF_SKILL (STAFF_SKILL_NO,STAFF_NO,SKILL_CODE) values (238,53,3);
Insert into TESTID.STAFF_SKILL (STAFF_SKILL_NO,STAFF_NO,SKILL_CODE) values (239,53,4);
Insert into TESTID.STAFF_SKILL (STAFF_SKILL_NO,STAFF_NO,SKILL_CODE) values (240,53,5);
Insert into TESTID.STAFF_SKILL (STAFF_SKILL_NO,STAFF_NO,SKILL_CODE) values (241,54,2);
Insert into TESTID.STAFF_SKILL (STAFF_SKILL_NO,STAFF_NO,SKILL_CODE) values (242,54,3);
Insert into TESTID.STAFF_SKILL (STAFF_SKILL_NO,STAFF_NO,SKILL_CODE) values (243,54,4);
Insert into TESTID.STAFF_SKILL (STAFF_SKILL_NO,STAFF_NO,SKILL_CODE) values (244,54,5);
Insert into TESTID.STAFF_SKILL (STAFF_SKILL_NO,STAFF_NO,SKILL_CODE) values (245,57,2);
Insert into TESTID.STAFF_SKILL (STAFF_SKILL_NO,STAFF_NO,SKILL_CODE) values (246,57,4);
Insert into TESTID.STAFF_SKILL (STAFF_SKILL_NO,STAFF_NO,SKILL_CODE) values (247,57,5);
Insert into TESTID.STAFF_SKILL (STAFF_SKILL_NO,STAFF_NO,SKILL_CODE) values (248,57,6);
Insert into TESTID.STAFF_SKILL (STAFF_SKILL_NO,STAFF_NO,SKILL_CODE) values (249,58,2);
Insert into TESTID.STAFF_SKILL (STAFF_SKILL_NO,STAFF_NO,SKILL_CODE) values (250,58,3);
Insert into TESTID.STAFF_SKILL (STAFF_SKILL_NO,STAFF_NO,SKILL_CODE) values (251,58,5);
Insert into TESTID.STAFF_SKILL (STAFF_SKILL_NO,STAFF_NO,SKILL_CODE) values (252,58,6);
Insert into TESTID.STAFF_SKILL (STAFF_SKILL_NO,STAFF_NO,SKILL_CODE) values (253,59,2);
Insert into TESTID.STAFF_SKILL (STAFF_SKILL_NO,STAFF_NO,SKILL_CODE) values (254,59,3);
Insert into TESTID.STAFF_SKILL (STAFF_SKILL_NO,STAFF_NO,SKILL_CODE) values (255,59,4);
Insert into TESTID.STAFF_SKILL (STAFF_SKILL_NO,STAFF_NO,SKILL_CODE) values (103,43,2);
Insert into TESTID.STAFF_SKILL (STAFF_SKILL_NO,STAFF_NO,SKILL_CODE) values (104,43,6);
Insert into TESTID.STAFF_SKILL (STAFF_SKILL_NO,STAFF_NO,SKILL_CODE) values (105,44,2);
Insert into TESTID.STAFF_SKILL (STAFF_SKILL_NO,STAFF_NO,SKILL_CODE) values (106,44,4);
Insert into TESTID.STAFF_SKILL (STAFF_SKILL_NO,STAFF_NO,SKILL_CODE) values (261,52,4);
Insert into TESTID.STAFF_SKILL (STAFF_SKILL_NO,STAFF_NO,SKILL_CODE) values (262,52,3);
Insert into TESTID.STAFF_SKILL (STAFF_SKILL_NO,STAFF_NO,SKILL_CODE) values (263,52,2);
Insert into TESTID.STAFF_SKILL (STAFF_SKILL_NO,STAFF_NO,SKILL_CODE) values (264,52,5);
--------------------------------------------------------
--  DDL for Index CODE_DEPARTMENT_UK1
--------------------------------------------------------

  CREATE UNIQUE INDEX "TESTID"."CODE_DEPARTMENT_UK1" ON "TESTID"."CODE_DEPARTMENT" ("DEPARTMENT_NAME") 
  PCTFREE 10 INITRANS 2 MAXTRANS 255 COMPUTE STATISTICS 
  STORAGE(INITIAL 65536 NEXT 1048576 MINEXTENTS 1 MAXEXTENTS 2147483645
  PCTINCREASE 0 FREELISTS 1 FREELIST GROUPS 1 BUFFER_POOL DEFAULT FLASH_CACHE DEFAULT CELL_FLASH_CACHE DEFAULT)
  TABLESPACE "USERS" ;
--------------------------------------------------------
--  Constraints for Table STAFF
--------------------------------------------------------

  ALTER TABLE "TESTID"."STAFF" ADD CONSTRAINT "PK_STAFF_NO" PRIMARY KEY ("STAFF_NO")
  USING INDEX PCTFREE 10 INITRANS 2 MAXTRANS 255 COMPUTE STATISTICS 
  STORAGE(INITIAL 65536 NEXT 1048576 MINEXTENTS 1 MAXEXTENTS 2147483645
  PCTINCREASE 0 FREELISTS 1 FREELIST GROUPS 1 BUFFER_POOL DEFAULT FLASH_CACHE DEFAULT CELL_FLASH_CACHE DEFAULT)
  TABLESPACE "USERS"  ENABLE;
 
  ALTER TABLE "TESTID"."STAFF" MODIFY ("STAFF_NAME" NOT NULL ENABLE);
 
  ALTER TABLE "TESTID"."STAFF" MODIFY ("JUMIN_NO" NOT NULL ENABLE);
 
  ALTER TABLE "TESTID"."STAFF" MODIFY ("SCHOOL_CODE" NOT NULL ENABLE);
 
  ALTER TABLE "TESTID"."STAFF" MODIFY ("DEPARTMENT_CODE" NOT NULL ENABLE);
 
  ALTER TABLE "TESTID"."STAFF" MODIFY ("GRADUATE_DAY" NOT NULL ENABLE);
 
  ALTER TABLE "TESTID"."STAFF" ADD CONSTRAINT "UK_JUMIN_NO" UNIQUE ("JUMIN_NO")
  USING INDEX PCTFREE 10 INITRANS 2 MAXTRANS 255 COMPUTE STATISTICS 
  STORAGE(INITIAL 65536 NEXT 1048576 MINEXTENTS 1 MAXEXTENTS 2147483645
  PCTINCREASE 0 FREELISTS 1 FREELIST GROUPS 1 BUFFER_POOL DEFAULT FLASH_CACHE DEFAULT CELL_FLASH_CACHE DEFAULT)
  TABLESPACE "USERS"  ENABLE;
--------------------------------------------------------
--  Constraints for Table CODE_DEPARTMENT
--------------------------------------------------------

  ALTER TABLE "TESTID"."CODE_DEPARTMENT" ADD CONSTRAINT "CODE_DEPARTMENT_UK1" UNIQUE ("DEPARTMENT_NAME")
  USING INDEX PCTFREE 10 INITRANS 2 MAXTRANS 255 COMPUTE STATISTICS 
  STORAGE(INITIAL 65536 NEXT 1048576 MINEXTENTS 1 MAXEXTENTS 2147483645
  PCTINCREASE 0 FREELISTS 1 FREELIST GROUPS 1 BUFFER_POOL DEFAULT FLASH_CACHE DEFAULT CELL_FLASH_CACHE DEFAULT)
  TABLESPACE "USERS"  ENABLE;
 
  ALTER TABLE "TESTID"."CODE_DEPARTMENT" ADD CONSTRAINT "PK_DEPARTMENT_CODE" PRIMARY KEY ("DEPARTMENT_CODE")
  USING INDEX PCTFREE 10 INITRANS 2 MAXTRANS 255 COMPUTE STATISTICS 
  STORAGE(INITIAL 65536 NEXT 1048576 MINEXTENTS 1 MAXEXTENTS 2147483645
  PCTINCREASE 0 FREELISTS 1 FREELIST GROUPS 1 BUFFER_POOL DEFAULT FLASH_CACHE DEFAULT CELL_FLASH_CACHE DEFAULT)
  TABLESPACE "USERS"  ENABLE;
 
  ALTER TABLE "TESTID"."CODE_DEPARTMENT" MODIFY ("DEPARTMENT_NAME" NOT NULL ENABLE);
--------------------------------------------------------
--  Constraints for Table CODE_SKILL
--------------------------------------------------------

  ALTER TABLE "TESTID"."CODE_SKILL" ADD CONSTRAINT "PK_SKILL_CODE" PRIMARY KEY ("SKILL_CODE")
  USING INDEX PCTFREE 10 INITRANS 2 MAXTRANS 255 COMPUTE STATISTICS 
  STORAGE(INITIAL 65536 NEXT 1048576 MINEXTENTS 1 MAXEXTENTS 2147483645
  PCTINCREASE 0 FREELISTS 1 FREELIST GROUPS 1 BUFFER_POOL DEFAULT FLASH_CACHE DEFAULT CELL_FLASH_CACHE DEFAULT)
  TABLESPACE "USERS"  ENABLE;
 
  ALTER TABLE "TESTID"."CODE_SKILL" MODIFY ("SKILL_NAME" NOT NULL ENABLE);
 
  ALTER TABLE "TESTID"."CODE_SKILL" ADD CONSTRAINT "UK_SKILL_NAME" UNIQUE ("SKILL_NAME")
  USING INDEX PCTFREE 10 INITRANS 2 MAXTRANS 255 COMPUTE STATISTICS 
  STORAGE(INITIAL 65536 NEXT 1048576 MINEXTENTS 1 MAXEXTENTS 2147483645
  PCTINCREASE 0 FREELISTS 1 FREELIST GROUPS 1 BUFFER_POOL DEFAULT FLASH_CACHE DEFAULT CELL_FLASH_CACHE DEFAULT)
  TABLESPACE "USERS"  ENABLE;
--------------------------------------------------------
--  Constraints for Table STAFF_SKILL
--------------------------------------------------------

  ALTER TABLE "TESTID"."STAFF_SKILL" ADD CONSTRAINT "PK_STAFF_SKILL_NO" PRIMARY KEY ("STAFF_SKILL_NO")
  USING INDEX PCTFREE 10 INITRANS 2 MAXTRANS 255 COMPUTE STATISTICS 
  STORAGE(INITIAL 65536 NEXT 1048576 MINEXTENTS 1 MAXEXTENTS 2147483645
  PCTINCREASE 0 FREELISTS 1 FREELIST GROUPS 1 BUFFER_POOL DEFAULT FLASH_CACHE DEFAULT CELL_FLASH_CACHE DEFAULT)
  TABLESPACE "USERS"  ENABLE;
 
  ALTER TABLE "TESTID"."STAFF_SKILL" MODIFY ("STAFF_NO" NOT NULL ENABLE);
 
  ALTER TABLE "TESTID"."STAFF_SKILL" MODIFY ("SKILL_CODE" NOT NULL ENABLE);
--------------------------------------------------------
--  Constraints for Table CODE_SCHOOL
--------------------------------------------------------

  ALTER TABLE "TESTID"."CODE_SCHOOL" ADD CONSTRAINT "PK_SCHOOL_CODE" PRIMARY KEY ("SCHOOL_CODE")
  USING INDEX PCTFREE 10 INITRANS 2 MAXTRANS 255 COMPUTE STATISTICS 
  STORAGE(INITIAL 65536 NEXT 1048576 MINEXTENTS 1 MAXEXTENTS 2147483645
  PCTINCREASE 0 FREELISTS 1 FREELIST GROUPS 1 BUFFER_POOL DEFAULT FLASH_CACHE DEFAULT CELL_FLASH_CACHE DEFAULT)
  TABLESPACE "USERS"  ENABLE;
 
  ALTER TABLE "TESTID"."CODE_SCHOOL" MODIFY ("SCHOOL_NAME" NOT NULL ENABLE);
 
  ALTER TABLE "TESTID"."CODE_SCHOOL" ADD CONSTRAINT "UK_SCHOOL_NAME" UNIQUE ("SCHOOL_NAME")
  USING INDEX PCTFREE 10 INITRANS 2 MAXTRANS 255 COMPUTE STATISTICS 
  STORAGE(INITIAL 65536 NEXT 1048576 MINEXTENTS 1 MAXEXTENTS 2147483645
  PCTINCREASE 0 FREELISTS 1 FREELIST GROUPS 1 BUFFER_POOL DEFAULT FLASH_CACHE DEFAULT CELL_FLASH_CACHE DEFAULT)
  TABLESPACE "USERS"  ENABLE;
--------------------------------------------------------
--  Ref Constraints for Table STAFF
--------------------------------------------------------

  ALTER TABLE "TESTID"."STAFF" ADD CONSTRAINT "FK_CODE_DEPARTMENT_CODE" FOREIGN KEY ("DEPARTMENT_CODE")
	  REFERENCES "TESTID"."CODE_DEPARTMENT" ("DEPARTMENT_CODE") ENABLE;
 
  ALTER TABLE "TESTID"."STAFF" ADD CONSTRAINT "FK_CODE_SCHOOL_CODE" FOREIGN KEY ("SCHOOL_CODE")
	  REFERENCES "TESTID"."CODE_SCHOOL" ("SCHOOL_CODE") ENABLE;
--------------------------------------------------------
--  Ref Constraints for Table STAFF_SKILL
--------------------------------------------------------

  ALTER TABLE "TESTID"."STAFF_SKILL" ADD CONSTRAINT "FK_CODE_SKILL_CODE" FOREIGN KEY ("SKILL_CODE")
	  REFERENCES "TESTID"."CODE_SKILL" ("SKILL_CODE") ENABLE;
 
  ALTER TABLE "TESTID"."STAFF_SKILL" ADD CONSTRAINT "FK_STAFF_NO" FOREIGN KEY ("STAFF_NO")
	  REFERENCES "TESTID"."STAFF" ("STAFF_NO") ENABLE;
